Year,Event,Name,NOC,Awarded_Medal
2028,10m Air Pistol Men,Christian Reitz,Germany,Gold
2028,10m Air Pistol Men,Damir Mikec,Serbia,Silver
2028,10m Air Pistol Men,Yu Xie,China,Bronze
2028,10m Air Pistol Mixed Team,Christian Reitz,Germany,Gold
2028,10m Air Pistol Mixed Team,Olena Kostevych,Ukraine,Silver
2028,10m Air Pistol Mixed Team,Ranxin Jiang,China,Bronze
2028,10m Air Pistol Women,Olena Kostevych,Ukraine,Gold
2028,10m Air Pistol Women,Ranxin Jiang,China,Silver
2028,10m Air Pistol Women,Anna Korakaki,Greece,Bronze
2028,10m Air Rifle Men,Lihao Sheng,China,Gold
2028,10m Air Rifle Men,Serhiy Kulish,Ukraine,Silver
2028,10m Air Rifle Men,Dane Sampson,Australia,Bronze
2028,10m Air Rifle Mixed Team,Lihao Sheng,China,Gold
2028,10m Air Rifle Mixed Team,Yuting Huang,China,Silver
2028,10m Air Rifle Mixed Team,Hyojin Ban,South Korea,Bronze
2028,10m Air Rifle Women,Yuting Huang,China,Gold
2028,10m Air Rifle Women,Nina Christen,Switzerland,Silver
2028,10m Air Rifle Women,Hyojin Ban,South Korea,Bronze
2028,25m Pistol Women,Olena Kostevych,Ukraine,Gold
2028,25m Pistol Women,Anna Korakaki,Greece,Silver
2028,25m Pistol Women,Jiin Yang,South Korea,Bronze
2028,25m Rapid Fire Pistol Men,Christian Reitz,Germany,Gold
2028,25m Rapid Fire Pistol Men,Jean Quiquampoix,France,Silver
2028,25m Rapid Fire Pistol Men,Yuehong Li,China,Bronze
2028,4 x 400m Relay Mixed,Robert King,Dominican Republic,Gold
2028,4 x 400m Relay Mixed,Bryce Deadmon,United States,Silver
2028,4 x 400m Relay Mixed,Vernon Norwood,United States,Bronze
2028,50m Rifle 3 Positions Men,Serhiy Kulish,Ukraine,Gold
2028,50m Rifle 3 Positions Men,Yukun Liu,China,Silver
2028,50m Rifle 3 Positions Men,Hajun Park,South Korea,Bronze
2028,50m Rifle 3 Positions Women,Nina Christen,Switzerland,Gold
2028,50m Rifle 3 Positions Women,Sagen Maddalena,United States,Silver
2028,50m Rifle 3 Positions Women,Carolynn Tucker,United States,Bronze
2028,Dressage Individual,von Jessica,Germany,Gold
2028,Dressage Individual,Carl Hester,Great Britain,Silver
2028,Dressage Individual,Isabell Werth,Germany,Bronze
2028,Dressage Team,von Jessica,Germany,Gold
2028,Dressage Team,Carl Hester,Great Britain,Silver
2028,Dressage Team,Isabell Werth,Germany,Bronze
2028,Duet,Qianyi Wang,China,Gold
2028,Duet,Liuyi Wang,China,Silver
2028,Duet,Jaime Czarkowski,United States,Bronze
2028,Eventing Individual,Michael Jung,Germany,Gold
2028,Eventing Individual,Nicolas Touzaint,France,Silver
2028,Eventing Individual,McEWEN Tom,Great Britain,Bronze
2028,Eventing Team,Michael Jung,Germany,Gold
2028,Eventing Team,Nicolas Touzaint,France,Silver
2028,Eventing Team,McEWEN Tom,Great Britain,Bronze
2028,Group All-Around,Zhangjiayang Huang,China,Gold
2028,Group All-Around,Ting Hao,China,Silver
2028,Group All-Around,Qiqi Guo,China,Bronze
2028,Individual All-Around,Darja Varfolomeev,Germany,Gold
2028,Individual All-Around,Boryana Kaleyn,Bulgaria,Silver
2028,Individual All-Around,Evita Griskenas,United States,Bronze
2028,Jumping Individual,Daniel Coyle,Ireland,Gold
2028,Jumping Individual,Rodrigo Pessoa,Brazil,Silver
2028,Jumping Individual,Scott Brash,Great Britain,Bronze
2028,Jumping Team,Daniel Coyle,Ireland,Gold
2028,Jumping Team,Rodrigo Pessoa,Brazil,Silver
2028,Jumping Team,Malin Baryard-johnsson,Sweden,Bronze
2028,Lightweight Men's Double Sculls,Mc Fintan,Ireland,Gold
2028,Lightweight Men's Double Sculls,Mohamed Mohamed,Egypt,Silver
2028,Lightweight Men's Double Sculls,Stefano Oppo,Italy,Bronze
2028,Lightweight Women's Double Sculls,Imogen Grant,Great Britain,Gold
2028,Lightweight Women's Double Sculls,Emily Craig,Great Britain,Silver
2028,Lightweight Women's Double Sculls,Laura Tarantola,France,Bronze
2028,Marathon Race Walk Relay Mixed,Maria Perez,Spain,Gold
2028,Marathon Race Walk Relay Mixed,Alvaro Martin,Spain,Silver
2028,Marathon Race Walk Relay Mixed,Daniel Pintado,Ecuador,Bronze
2028,Men,David Smith,United States,Gold
2028,Men,Shuichi Yoshida,Japan,Silver
2028,Men,Mohamed Aly,Egypt,Bronze
2028,Men +100 kg,Teddy Riner,France,Gold
2028,Men +100 kg,Erik Abramov,Germany,Silver
2028,Men +100 kg,Tatsuru Saito,Japan,Bronze
2028,Men +80kg,Caden Cunningham,Great Britain,Gold
2028,Men +80kg,Arian Salimi,Iran,Silver
2028,Men +80kg,Jonathan Healy,United States,Bronze
2028,Men -100 kg,Aaron Wolf,Japan,Gold
2028,Men -100 kg,Aurelien Diesse,France,Silver
2028,Men -100 kg,Zelym Kotsoiev,Azerbaijan,Bronze
2028,Men -58kg,Taejoon Park,South Korea,Gold
2028,Men -58kg,Khalil Jendoubi,Tunisia,Silver
2028,Men -58kg,Bailey Lewis,Australia,Bronze
2028,Men -60 kg,Luka Mkheidze,France,Gold
2028,Men -60 kg,Yeldos Smetov,Kazakhstan,Silver
2028,Men -60 kg,Ryuju Nagayama,Japan,Bronze
2028,Men -66 kg,Hifumi Abe,Japan,Gold
2028,Men -66 kg,Walide Khyar,France,Silver
2028,Men -66 kg,Willian Lima,Brazil,Bronze
2028,Men -68kg,Ulugbek Rashitov,Uzbekistan,Gold
2028,Men -68kg,Bradly Sinden,Great Britain,Silver
2028,Men -68kg,Yushuai Liang,China,Bronze
2028,Men -73 kg,Joan-benjamin Gaba,France,Gold
2028,Men -73 kg,Lasha Shavdatuashvili,Georgia,Silver
2028,Men -73 kg,Soichi Hashimoto,Japan,Bronze
2028,Men -80kg,Firas Katoussi,Tunisia,Gold
2028,Men -80kg,Cj Nickolas,United States,Silver
2028,Men -80kg,Saleh Elsharabaty,Jordan,Bronze
2028,Men -81 kg,Takanori Nagase,Japan,Gold
2028,Men -81 kg,Oumar Djalo,France,Silver
2028,Men -81 kg,Timo Cavelius,Germany,Bronze
2028,Men -90 kg,Lasha Bekauri,Georgia,Gold
2028,Men -90 kg,Sanshiro Murao,Japan,Silver
2028,Men -90 kg,Maxime-gael Ngayap,France,Bronze
2028,Men's +102kg,Lasha Talakhadze,Georgia,Gold
2028,Men's +102kg,Eishiro Murakami,Japan,Silver
2028,Men's +102kg,David Liti,New Zealand,Bronze
2028,Men's +92kg,Bakhodir Jalolov,Uzbekistan,Gold
2028,Men's +92kg,Ayoub Ghadfa,Spain,Silver
2028,Men's +92kg,Joshua Edwards,United States,Bronze
2028,"Men's 10,000m",Joshua Cheptegei,Uganda,Gold
2028,"Men's 10,000m",Mohammed Ahmed,Canada,Silver
2028,"Men's 10,000m",Grant Fisher,United States,Bronze
2028,Men's 100m,Marcell Jacobs,Italy,Gold
2028,Men's 100m,Aaron Brown,Canada,Silver
2028,Men's 100m,Markus Fuchs,Austria,Bronze
2028,Men's 100m Backstroke,Ryan Murphy,United States,Gold
2028,Men's 100m Backstroke,Jiayu Xu,China,Silver
2028,Men's 100m Backstroke,Hunter Armstrong,United States,Bronze
2028,Men's 100m Breaststroke,Adam Peaty,Great Britain,Gold
2028,Men's 100m Breaststroke,Nic Fink,United States,Silver
2028,Men's 100m Breaststroke,Charlie Swanson,United States,Bronze
2028,Men's 100m Butterfly,Caeleb Dressel,United States,Gold
2028,Men's 100m Butterfly,James Guy,Great Britain,Silver
2028,Men's 100m Butterfly,Kristof Milak,Hungary,Bronze
2028,Men's 100m Freestyle,Kyle Chalmers,Australia,Gold
2028,Men's 100m Freestyle,Matthew Richards,Great Britain,Silver
2028,Men's 100m Freestyle,Zhanle Pan,China,Bronze
2028,Men's 102kg,Huanhua Liu,China,Gold
2028,Men's 102kg,Wes Kitts,United States,Silver
2028,Men's 102kg,Akbar Djuraev,Uzbekistan,Bronze
2028,Men's 10km,Patrick Robinson,Great Britain,Gold
2028,Men's 10km,Gregorio Paltrinieri,Italy,Silver
2028,Men's 10km,Kristof Rasovszky,Hungary,Bronze
2028,Men's 10m Platform,Yuan Cao,China,Gold
2028,Men's 10m Platform,Hao Yang,China,Silver
2028,Men's 10m Platform,Noah Williams,Great Britain,Bronze
2028,Men's 110m Hurdles,Grant Holloway,United States,Gold
2028,Men's 110m Hurdles,Hansle Parchment,Jamaica,Silver
2028,Men's 110m Hurdles,Daniel Roberts,United States,Bronze
2028,Men's 1500m,Jakob Ingebrigtsen,Norway,Gold
2028,Men's 1500m,Cole Hocker,United States,Silver
2028,Men's 1500m,Josh Kerr,Great Britain,Bronze
2028,Men's 1500m Freestyle,Gregorio Paltrinieri,Italy,Gold
2028,Men's 1500m Freestyle,Sven Schwarz,Germany,Silver
2028,Men's 1500m Freestyle,Bobby Finke,United States,Bronze
2028,Men's 200m,Ian Kerr,Bahamas,Gold
2028,Men's 200m,Aaron Brown,Canada,Silver
2028,Men's 200m,Noah Lyles,United States,Bronze
2028,Men's 200m Backstroke,Ryan Murphy,United States,Gold
2028,Men's 200m Backstroke,Jiayu Xu,China,Silver
2028,Men's 200m Backstroke,Thomas Ceccon,Italy,Bronze
2028,Men's 200m Breaststroke,Leon Marchand,France,Gold
2028,Men's 200m Breaststroke,Erik Persson,Sweden,Silver
2028,Men's 200m Breaststroke,Haiyang Qin,China,Bronze
2028,Men's 200m Butterfly,Leon Marchand,France,Gold
2028,Men's 200m Butterfly,Kristof Milak,Hungary,Silver
2028,Men's 200m Butterfly,Thomas Heilman,United States,Bronze
2028,Men's 200m Freestyle,Duncan Scott,Great Britain,Gold
2028,Men's 200m Freestyle,Omar Abbas,Syria,Silver
2028,Men's 200m Freestyle,Zhanle Pan,China,Bronze
2028,Men's 200m Individual Medley,Duncan Scott,Great Britain,Gold
2028,Men's 200m Individual Medley,Leon Marchand,France,Silver
2028,Men's 200m Individual Medley,Tom Dean,Great Britain,Bronze
2028,Men's 20km Race Walk,Daniel Pintado,Ecuador,Gold
2028,Men's 20km Race Walk,Alvaro Martin,Spain,Silver
2028,Men's 20km Race Walk,Massimo Stano,Italy,Bronze
2028,Men's 3000m Steeplechase,Soufiane El,Morocco,Gold
2028,Men's 3000m Steeplechase,Kenneth Rooks,United States,Silver
2028,Men's 3000m Steeplechase,Lamecha Girma,Ethiopia,Bronze
2028,Men's 3m Springboard,Zongyuan Wang,China,Gold
2028,Men's 3m Springboard,Siyi Xie,China,Silver
2028,Men's 3m Springboard,Jack Laugher,Great Britain,Bronze
2028,Men's 4 x 100m Freestyle Relay,Caeleb Dressel,United States,Gold
2028,Men's 4 x 100m Freestyle Relay,Duncan Scott,Great Britain,Silver
2028,Men's 4 x 100m Freestyle Relay,Kyle Chalmers,Australia,Bronze
2028,Men's 4 x 100m Medley Relay,Caeleb Dressel,United States,Gold
2028,Men's 4 x 100m Medley Relay,Ryan Murphy,United States,Silver
2028,Men's 4 x 100m Medley Relay,Duncan Scott,Great Britain,Bronze
2028,Men's 4 x 100m Relay,Christopher Ius,Australia,Gold
2028,Men's 4 x 100m Relay,Marcell Jacobs,Italy,Silver
2028,Men's 4 x 100m Relay,Aaron Brown,Canada,Bronze
2028,Men's 4 x 200m Freestyle Relay,Duncan Scott,Great Britain,Gold
2028,Men's 4 x 200m Freestyle Relay,James Guy,Great Britain,Silver
2028,Men's 4 x 200m Freestyle Relay,Blake Pieroni,United States,Bronze
2028,Men's 4 x 400m Relay,Rai Benjamin,United States,Gold
2028,Men's 4 x 400m Relay,Vernon Norwood,United States,Silver
2028,Men's 4 x 400m Relay,Bryce Deadmon,United States,Bronze
2028,Men's 400m,Attila Molnar,Hungary,Gold
2028,Men's 400m,Michael Norman,United States,Silver
2028,Men's 400m,Quincy Hall,United States,Bronze
2028,Men's 400m Freestyle,Elijah Winnington,Australia,Gold
2028,Men's 400m Freestyle,Kieran Smith,United States,Silver
2028,Men's 400m Freestyle,Lukas Maertens,Germany,Bronze
2028,Men's 400m Hurdles,Rai Benjamin,United States,Gold
2028,Men's 400m Hurdles,Karsten Warholm,Norway,Silver
2028,Men's 400m Hurdles,Cj Allen,United States,Bronze
2028,Men's 400m Individual Medley,Leon Marchand,France,Gold
2028,Men's 400m Individual Medley,Chase Kalisz,United States,Silver
2028,Men's 400m Individual Medley,Carson Foster,United States,Bronze
2028,Men's 5000m,Joshua Cheptegei,Uganda,Gold
2028,Men's 5000m,Jakob Ingebrigtsen,Norway,Silver
2028,Men's 5000m,Mohammed Ahmed,Canada,Bronze
2028,Men's 50m Freestyle,David Young,Fiji,Gold
2028,Men's 50m Freestyle,Caeleb Dressel,United States,Silver
2028,Men's 50m Freestyle,Florent Manaudou,France,Bronze
2028,Men's 51kg,Hasanboy Dusmatov,Uzbekistan,Gold
2028,Men's 51kg,Roscoe Hill,United States,Silver
2028,Men's 51kg,Billal Bennama,France,Bronze
2028,Men's 57kg,Abdumalik Khalokov,Uzbekistan,Gold
2028,Men's 57kg,Jahmal Harvey,United States,Silver
2028,Men's 57kg,Charlie Senior,Australia,Bronze
2028,Men's 61kg,Fabin Li,China,Gold
2028,Men's 61kg,Hampton Morris,United States,Silver
2028,Men's 61kg,Eko Irawan,Indonesia,Bronze
2028,Men's 63.5kg,Sofiane Oumiha,France,Gold
2028,Men's 63.5kg,Erislandy Alvarez,Cuba,Silver
2028,Men's 63.5kg,Harry Garside,Australia,Bronze
2028,Men's 71kg,Asadkhuja Muydinkhujaev,Uzbekistan,Gold
2028,Men's 71kg,Alonso Verde,Mexico,Silver
2028,Men's 71kg,Omari Jones,United States,Bronze
2028,Men's 73kg,Zhiyong Shi,China,Gold
2028,Men's 73kg,Rizki Juniansyah,Indonesia,Silver
2028,Men's 73kg,Weeraphon Wichuma,Thailand,Bronze
2028,Men's 800m,Emmanuel Wanyonyi,Kenya,Gold
2028,Men's 800m,Marco Arop,Canada,Silver
2028,Men's 800m,Bryce Hoppel,United States,Bronze
2028,Men's 800m Freestyle,Gregorio Paltrinieri,Italy,Gold
2028,Men's 800m Freestyle,Sven Schwarz,Germany,Silver
2028,Men's 800m Freestyle,Bobby Finke,United States,Bronze
2028,Men's 80kg,Oleksandr Khyzhniak,Ukraine,Gold
2028,Men's 80kg,Arlen Lopez,Cuba,Silver
2028,Men's 80kg,Tanglatihan Tuohetaerbieke,China,Bronze
2028,Men's 89kg,May Nasar,Bulgaria,Gold
2028,Men's 89kg,Antonino Pizzolato,Italy,Silver
2028,Men's 89kg,Yeison Lopez,Colombia,Bronze
2028,Men's 92kg,James Brown,Great Britain,Gold
2028,Men's 92kg,Lazizbek Mullojonov,Uzbekistan,Silver
2028,Men's 92kg,Berto Alfonso,Azerbaijan,Bronze
2028,Men's All-Around,Daiki Hashimoto,Japan,Gold
2028,Men's All-Around,Shinnosuke Oka,Japan,Silver
2028,Men's All-Around,Ruoteng Xiao,China,Bronze
2028,Men's Boulder & Lead,Alberto Gines,Spain,Gold
2028,Men's Boulder & Lead,Toby Roberts,Great Britain,Silver
2028,Men's Boulder & Lead,Sorato Anraku,Japan,Bronze
2028,Men's Canoe Double 500m,Hao Liu,China,Gold
2028,Men's Canoe Double 500m,Peter Kretschmer,Germany,Silver
2028,Men's Canoe Double 500m,Petr Fuksa,Czech Republic,Bronze
2028,Men's Canoe Single,Sideris Tasiadis,Germany,Gold
2028,Men's Canoe Single,Nicolas Gestin,France,Silver
2028,Men's Canoe Single,Benjamin Savsek,Slovenia,Bronze
2028,Men's Canoe Single 1000m,Sebastian Brendel,Germany,Gold
2028,Men's Canoe Single 1000m,Hao Liu,China,Silver
2028,Men's Canoe Single 1000m,Isaquias Queiroz,Brazil,Bronze
2028,Men's Cross-country,Nino Schurter,Switzerland,Gold
2028,Men's Cross-country,Thomas Pidcock,Great Britain,Silver
2028,Men's Cross-country,David Valero,Spain,Bronze
2028,Men's Decathlon,Damian Warner,Canada,Gold
2028,Men's Decathlon,Markus Rooth,Norway,Silver
2028,Men's Decathlon,Leo Neugebauer,Germany,Bronze
2028,Men's Dinghy,Matt Wearn,Australia,Gold
2028,Men's Dinghy,Pavlos Kontides,Cyprus,Silver
2028,Men's Dinghy,Phili Buhl,Germany,Bronze
2028,Men's Discus Throw,Joseph Brown,United States,Gold
2028,Men's Discus Throw,Daniel Stahl,Sweden,Silver
2028,Men's Discus Throw,Roje Stona,Jamaica,Bronze
2028,Men's Double Sculls,Marc Weber,Germany,Gold
2028,Men's Double Sculls,Matthieu Androdias,France,Silver
2028,Men's Double Sculls,Hugo Boucheron,France,Bronze
2028,Men's Doubles,Chi-lin Wang,Chinese Taipei,Gold
2028,Men's Doubles,Yang Lee,Chinese Taipei,Silver
2028,Men's Doubles,Rajeev Ram,United States,Bronze
2028,Men's Eight,Spencer Turrin,Australia,Gold
2028,Men's Eight,Tom Ford,Great Britain,Silver
2028,Men's Eight,Jacob Dawson,Great Britain,Bronze
2028,Men's Floor Exercise,Max Whitlock,Great Britain,Gold
2028,Men's Floor Exercise,Jingyuan Zou,China,Silver
2028,Men's Floor Exercise,Daiki Hashimoto,Japan,Bronze
2028,Men's Foil Individual,Long Cheung,Hong Kong,Gold
2028,Men's Foil Individual,Alexander Massialas,United States,Silver
2028,Men's Foil Individual,Maxime Pauty,France,Bronze
2028,Men's Foil Team,Alexander Massialas,United States,Gold
2028,Men's Foil Team,Julien Mertine,France,Silver
2028,Men's Foil Team,Maxime Pauty,France,Bronze
2028,Men's Four,Tom Murray,New Zealand,Gold
2028,Men's Four,Matt Macdonald,New Zealand,Silver
2028,Men's Four,Justin Best,United States,Bronze
2028,Men's Freestyle 125kg,Geno Petriashvili,Georgia,Gold
2028,Men's Freestyle 125kg,Mark Parris,United States,Silver
2028,Men's Freestyle 125kg,Zhiwei Deng,China,Bronze
2028,Men's Freestyle 57kg,Rei Higuchi,Japan,Gold
2028,Men's Freestyle 57kg,Gamal Mohamed,Egypt,Silver
2028,Men's Freestyle 57kg,Richard Lee,United States,Bronze
2028,Men's Freestyle 65kg,Kotaro Kiyooka,Japan,Gold
2028,Men's Freestyle 65kg,Allen Retherford,United States,Silver
2028,Men's Freestyle 65kg,Haji Aliyev,Azerbaijan,Bronze
2028,Men's Freestyle 74kg,Salambekovitch Jamalov,Uzbekistan,Gold
2028,Men's Freestyle 74kg,Daichi Takatani,Japan,Silver
2028,Men's Freestyle 74kg,Douglas Dake,United States,Bronze
2028,Men's Freestyle 86kg,Hassan Yazdanicharati,Iran,Gold
2028,Men's Freestyle 86kg,Nazem Amine,San Marino,Silver
2028,Men's Freestyle 86kg,Marquel Brooks,United States,Bronze
2028,Men's Freestyle 97kg,Frederick Snyder,United States,Gold
2028,Men's Freestyle 97kg,Akhmed Tazhudinov,Bahrain,Silver
2028,Men's Freestyle 97kg,Sven Thiele,Germany,Bronze
2028,Men's Greco-Roman 130kg,Mijain Lopez,Cuba,Gold
2028,Men's Greco-Roman 130kg,Jacob Coon,United States,Silver
2028,Men's Greco-Roman 130kg,Heiki Nabi,Estonia,Bronze
2028,Men's Greco-Roman 60kg,Kenichiro Fumita,Japan,Gold
2028,Men's Greco-Roman 60kg,Liguo Cao,China,Silver
2028,Men's Greco-Roman 60kg,Razvan Arnaut,Romania,Bronze
2028,Men's Greco-Roman 67kg,Kyotaro Sogabe,Japan,Gold
2028,Men's Greco-Roman 67kg,Alberto Orta,Cuba,Silver
2028,Men's Greco-Roman 67kg,Parviz Nasibov,Ukraine,Bronze
2028,Men's Greco-Roman 77kg,Nao Kusaka,Japan,Gold
2028,Men's Greco-Roman 77kg,Ameer Bey,United States,Silver
2028,Men's Greco-Roman 77kg,Akzhol Makhmudov,Kyrgyzstan,Bronze
2028,Men's Greco-Roman 87kg,Zhan Beleniuk,Ukraine,Gold
2028,Men's Greco-Roman 87kg,Jon Jacobson,United States,Silver
2028,Men's Greco-Roman 87kg,Sergeevich Novikov,Bulgaria,Bronze
2028,Men's Greco-Roman 97kg,Artur Aleksanyan,Armenia,Gold
2028,Men's Greco-Roman 97kg,Patrick Rau,United States,Silver
2028,Men's Greco-Roman 97kg,Alexandros Lazogianis,Germany,Bronze
2028,Men's Hammer Throw,Wojciech Nowicki,Poland,Gold
2028,Men's Hammer Throw,Ethan Katzberg,Canada,Silver
2028,Men's Hammer Throw,Bence Halasz,Hungary,Bronze
2028,Men's High Jump,Gianmarco Tamberi,Italy,Gold
2028,Men's High Jump,Essa Barshim,Qatar,Silver
2028,Men's High Jump,Hamish Kerr,New Zealand,Bronze
2028,Men's Horizontal Bar,Max Whitlock,Great Britain,Gold
2028,Men's Horizontal Bar,Jingyuan Zou,China,Silver
2028,Men's Horizontal Bar,Daiki Hashimoto,Japan,Bronze
2028,Men's Individual,Charles Brown,Great Britain,Gold
2028,Men's Individual,Woojin Kim,South Korea,Silver
2028,Men's Individual,Emil Holm,Denmark,Bronze
2028,Men's Individual Stroke Play,Xander Schauffele,United States,Gold
2028,Men's Individual Stroke Play,Scottie Scheffler,United States,Silver
2028,Men's Individual Stroke Play,Jason Day,Australia,Bronze
2028,Men's Individual Time Trial,Remco Evenepoel,Belgium,Gold
2028,Men's Individual Time Trial,Filippo Ganna,Italy,Silver
2028,Men's Individual Time Trial,van Wout,Belgium,Bronze
2028,Men's Javelin Throw,Neeraj Chopra,India,Gold
2028,Men's Javelin Throw,Keshorn Walcott,Trinidad and Tobago,Silver
2028,Men's Javelin Throw,Curtis Thompson,United States,Bronze
2028,Men's Kayak Cross,Timothy Anderson,Australia,Gold
2028,Men's Kayak Cross,Joseph Clarke,Great Britain,Silver
2028,Men's Kayak Cross,de Giovanni,Italy,Bronze
2028,Men's Kayak Double 500m,Max Rendschmidt,Germany,Gold
2028,Men's Kayak Double 500m,Max Lemke,Germany,Silver
2028,Men's Kayak Double 500m,Messias Baptista,Portugal,Bronze
2028,Men's Kayak Four 500m,Max Rendschmidt,Germany,Gold
2028,Men's Kayak Four 500m,Max Lemke,Germany,Silver
2028,Men's Kayak Four 500m,Jacob Schopf,Germany,Bronze
2028,Men's Kayak Single,Timothy Anderson,Australia,Gold
2028,Men's Kayak Single,Joseph Clarke,Great Britain,Silver
2028,Men's Kayak Single,de Giovanni,Italy,Bronze
2028,Men's Kayak Single 1000m,Balint Kopasz,Hungary,Gold
2028,Men's Kayak Single 1000m,Adam Varga,Hungary,Silver
2028,Men's Kayak Single 1000m,Maxime Beaumont,France,Bronze
2028,Men's Keirin,Harrie Lavreysen,Netherlands,Gold
2028,Men's Keirin,Mikhail Yakovlev,Israel,Silver
2028,Men's Keirin,Jeffrey Hoogland,Netherlands,Bronze
2028,Men's Long Jump,Miltiadis Tentoglou,Greece,Gold
2028,Men's Long Jump,Jarrion Lawson,United States,Silver
2028,Men's Long Jump,Malcolm Clemons,United States,Bronze
2028,Men's Madison,Rui Oliveira,Portugal,Gold
2028,Men's Madison,Elia Viviani,Italy,Silver
2028,Men's Madison,Sam Welsford,Australia,Bronze
2028,Men's Marathon,Eliud Kipchoge,Kenya,Gold
2028,Men's Marathon,Tamirat Tola,Ethiopia,Silver
2028,Men's Marathon,Bashir Abdi,Belgium,Bronze
2028,Men's Omnium,Rui Oliveira,Portugal,Gold
2028,Men's Omnium,Elia Viviani,Italy,Silver
2028,Men's Omnium,Sam Welsford,Australia,Bronze
2028,Men's Pair,John Smith,South Africa,Gold
2028,Men's Pair,Valent Sinkovic,Croatia,Silver
2028,Men's Pair,Martin Sinkovic,Croatia,Bronze
2028,Men's Parallel Bars,Max Whitlock,Great Britain,Gold
2028,Men's Parallel Bars,Jingyuan Zou,China,Silver
2028,Men's Parallel Bars,Daiki Hashimoto,Japan,Bronze
2028,Men's Park,Keegan Palmer,Australia,Gold
2028,Men's Park,Logan Martin,Australia,Silver
2028,Men's Park,Jose Torres,Argentina,Bronze
2028,Men's Pole Vault,Armand Duplantis,Sweden,Gold
2028,Men's Pole Vault,Sam Kendricks,United States,Silver
2028,Men's Pole Vault,Christopher Nilsen,United States,Bronze
2028,Men's Pommel Horse,Max Whitlock,Great Britain,Gold
2028,Men's Pommel Horse,Jingyuan Zou,China,Silver
2028,Men's Pommel Horse,Daiki Hashimoto,Japan,Bronze
2028,Men's Quadruple Sculls,Tone Wieten,Netherlands,Gold
2028,Men's Quadruple Sculls,Koen Metsemakers,Netherlands,Silver
2028,Men's Quadruple Sculls,Finn Florijn,Netherlands,Bronze
2028,Men's Rings,Max Whitlock,Great Britain,Gold
2028,Men's Rings,Jingyuan Zou,China,Silver
2028,Men's Rings,Daiki Hashimoto,Japan,Bronze
2028,Men's Road Race,Stephen Williams,Great Britain,Gold
2028,Men's Road Race,Elia Viviani,Italy,Silver
2028,Men's Road Race,Remco Evenepoel,Belgium,Bronze
2028,Men's Sabre Individual,Sanguk Oh,South Korea,Gold
2028,Men's Sabre Individual,Luigi Samele,Italy,Silver
2028,Men's Sabre Individual,Bongil Gu,South Korea,Bronze
2028,Men's Sabre Team,Sanguk Oh,South Korea,Gold
2028,Men's Sabre Team,Luigi Samele,Italy,Silver
2028,Men's Sabre Team,Bongil Gu,South Korea,Bronze
2028,Men's Shot Put,Mohamed Khalifa,Egypt,Gold
2028,Men's Shot Put,Ryan Crouser,United States,Silver
2028,Men's Shot Put,Joe Kovacs,United States,Bronze
2028,Men's Single Sculls,Oliver Zeidler,Germany,Gold
2028,Men's Single Sculls,Damir Martin,Croatia,Silver
2028,Men's Single Sculls,Stephen Cox,Zimbabwe,Bronze
2028,Men's Singles,Zhendong Fan,China,Gold
2028,Men's Singles,Dimitrij Ovtcharov,Germany,Silver
2028,Men's Singles,Viktor Axelsen,Denmark,Bronze
2028,Men's Skiff,James Peters,Great Britain,Gold
2028,Men's Skiff,Florian Trittel,Spain,Silver
2028,Men's Skiff,Diego Botin,Spain,Bronze
2028,Men's Speed,Veddriq Leonardo,Indonesia,Gold
2028,Men's Speed,Peng Wu,China,Silver
2028,Men's Speed,Sam Watson,United States,Bronze
2028,Men's Sprint,Harrie Lavreysen,Netherlands,Gold
2028,Men's Sprint,Mikhail Yakovlev,Israel,Silver
2028,Men's Sprint,Jeffrey Hoogland,Netherlands,Bronze
2028,Men's Street,Yuto Horigome,Japan,Gold
2028,Men's Street,Jagger Eaton,United States,Silver
2028,Men's Street,Nyjah Huston,United States,Bronze
2028,Men's Synchronised 10m Platform,Thomas Daley,Great Britain,Gold
2028,Men's Synchronised 10m Platform,Hao Yang,China,Silver
2028,Men's Synchronised 10m Platform,Junjie Lian,China,Bronze
2028,Men's Synchronised 3m Springboard,Zongyuan Wang,China,Gold
2028,Men's Synchronised 3m Springboard,Jack Laugher,Great Britain,Silver
2028,Men's Synchronised 3m Springboard,Daoyi Long,China,Bronze
2028,Men's Team,Max Whitlock,Great Britain,Gold
2028,Men's Team,Timo Boll,Germany,Silver
2028,Men's Team,Mauro Nespoli,Italy,Bronze
2028,Men's Team Pursuit,Sam Welsford,Australia,Gold
2028,Men's Team Pursuit,Simone Consonni,Italy,Silver
2028,Men's Team Pursuit,Francesco Lamon,Italy,Bronze
2028,Men's Team Sprint,Harrie Lavreysen,Netherlands,Gold
2028,Men's Team Sprint,Jeffrey Hoogland,Netherlands,Silver
2028,Men's Team Sprint,Matthew Glaetzer,Australia,Bronze
2028,Men's Triple Jump,Pedro Pichardo,Portugal,Gold
2028,Men's Triple Jump,Alejandro Diaz,Spain,Silver
2028,Men's Triple Jump,Max Hess,Germany,Bronze
2028,Men's Vault,Max Whitlock,Great Britain,Gold
2028,Men's Vault,Jingyuan Zou,China,Silver
2028,Men's Vault,Daiki Hashimoto,Japan,Bronze
2028,Men's Windsurfing,Francisco Cruz,Argentina,Gold
2028,Men's Windsurfing,Tom Reuveny,Israel,Silver
2028,Men's Windsurfing,Grae Morris,Australia,Bronze
2028,Men's Épée Individual,Koki Kano,Japan,Gold
2028,Men's Épée Individual,Yannick Borel,France,Silver
2028,Men's Épée Individual,Kazuyasu Minobe,Japan,Bronze
2028,Men's Épée Team,Koki Kano,Japan,Gold
2028,Men's Épée Team,Yannick Borel,France,Silver
2028,Men's Épée Team,Kazuyasu Minobe,Japan,Bronze
2028,Mixed 4 x 100m Medley Relay,Erik Persson,Sweden,Gold
2028,Mixed 4 x 100m Medley Relay,Caeleb Dressel,United States,Silver
2028,Mixed 4 x 100m Medley Relay,Ryan Murphy,United States,Bronze
2028,Mixed Dinghy,Lara Vadlau,Austria,Gold
2028,Mixed Dinghy,Anton Dahlberg,Sweden,Silver
2028,Mixed Dinghy,Miho Yoshioka,Japan,Bronze
2028,Mixed Doubles,Yingsha Sun,China,Gold
2028,Mixed Doubles,Chuqin Wang,China,Silver
2028,Mixed Doubles,Jorge Campos,Cuba,Bronze
2028,Mixed Multihull,Ruggero Tita,Italy,Gold
2028,Mixed Multihull,Marianna Banti,Italy,Silver
2028,Mixed Multihull,Anna Burnet,Great Britain,Bronze
2028,Mixed Team,Teddy Riner,France,Gold
2028,Mixed Team,Clarisse Agbegnenou,France,Silver
2028,Mixed Team,Woojin Kim,South Korea,Bronze
2028,Relay Only Athlete,Abbey Weitzeil,United States,Gold
2028,Relay Only Athlete,Blake Pieroni,United States,Silver
2028,Relay Only Athlete,Bronte Campbell,Australia,Bronze
2028,Skeet Men,Vincent Hancock,United States,Gold
2028,Skeet Men,Gabriele Rossetti,Italy,Silver
2028,Skeet Men,Lynn Prince,United States,Bronze
2028,Skeet Mixed Team,Vincent Hancock,United States,Gold
2028,Skeet Mixed Team,Diana Bacosi,Italy,Silver
2028,Skeet Mixed Team,Gabriele Rossetti,Italy,Bronze
2028,Skeet Women,Diana Bacosi,Italy,Gold
2028,Skeet Women,Jewell Smith,United States,Silver
2028,Skeet Women,Francisca Crovetto,Chile,Bronze
2028,Team,Qianyi Wang,China,Gold
2028,Team,Liuyi Wang,China,Silver
2028,Team,Yu Feng,China,Bronze
2028,Trap Men,Giovanni Pellielo,Italy,Gold
2028,Trap Men,Alberto Fernandez,Spain,Silver
2028,Trap Men,Nathan Hales,Great Britain,Bronze
2028,Trap Women,Catherine Skinner,Australia,Gold
2028,Trap Women,Jessica Rossi,Italy,Silver
2028,Trap Women,Fatima Galvez,Spain,Bronze
2028,Women,Simone Biles,United States,Gold
2028,Women,Diana Taurasi,United States,Silver
2028,Women,Rebeca Andrade,Brazil,Bronze
2028,Women +67kg,Althea Laurin,France,Gold
2028,Women +67kg,Dabin Lee,South Korea,Silver
2028,Women +67kg,Lorena Brandl,Germany,Bronze
2028,Women +78 kg,Akira Sone,Japan,Gold
2028,Women +78 kg,Romane Dicko,France,Silver
2028,Women +78 kg,Beatriz Souza,Brazil,Bronze
2028,Women -48 kg,Natsumi Tsunoda,Japan,Gold
2028,Women -48 kg,Shirine Boukli,France,Silver
2028,Women -48 kg,Katharina Menz,Germany,Bronze
2028,Women -49kg,Qing Guo,China,Gold
2028,Women -49kg,Panipak Wongpattanakit,Thailand,Silver
2028,Women -49kg,Adriana Cerezo,Spain,Bronze
2028,Women -52 kg,Amandine Buchard,France,Gold
2028,Women -52 kg,Uta Abe,Japan,Silver
2028,Women -52 kg,Odette Giuffrida,Italy,Bronze
2028,Women -57 kg,Leonie Cysique,France,Gold
2028,Women -57 kg,Rafaela Silva,Brazil,Silver
2028,Women -57 kg,Christa Deguchi,Canada,Bronze
2028,Women -57kg,Jade Jones,Great Britain,Gold
2028,Women -57kg,Yujin Kim,South Korea,Silver
2028,Women -57kg,Faith Dillon,United States,Bronze
2028,Women -63 kg,Clarisse Agbegnenou,France,Gold
2028,Women -63 kg,Ketleyn Quadros,Brazil,Silver
2028,Women -63 kg,Miku Takaichi,Japan,Bronze
2028,Women -67kg,Viviana Marton,Hungary,Gold
2028,Women -67kg,Kristina Teachout,United States,Silver
2028,Women -67kg,Aleksandra Perisic,Serbia,Bronze
2028,Women -70 kg,Eve Gahie,France,Gold
2028,Women -70 kg,Miriam Butkereit,Germany,Silver
2028,Women -70 kg,Barbara Matic,Croatia,Bronze
2028,Women -78 kg,Madeleine Malonga,France,Gold
2028,Women -78 kg,Alice Bellandi,Italy,Silver
2028,Women -78 kg,Anna-maria Wagner,Germany,Bronze
2028,Women's +81kg,Wenwen Li,China,Gold
2028,Women's +81kg,Mary Theisen,United States,Silver
2028,Women's +81kg,Hyejeong Park,South Korea,Bronze
2028,"Women's 10,000m",Sifan Hassan,Netherlands,Gold
2028,"Women's 10,000m",Beatrice Chebet,Kenya,Silver
2028,"Women's 10,000m",Karissa Schweizer,United States,Bronze
2028,Women's 100m,Sha'carri Richardson,United States,Gold
2028,Women's 100m,Melissa Jefferson,United States,Silver
2028,Women's 100m,Daryll Neita,Great Britain,Bronze
2028,Women's 100m Backstroke,McKEOWN Kaylee,Australia,Gold
2028,Women's 100m Backstroke,Regan Smith,United States,Silver
2028,Women's 100m Backstroke,Kylie Masse,Canada,Bronze
2028,Women's 100m Breaststroke,Lilly King,United States,Gold
2028,Women's 100m Breaststroke,Qianting Tang,China,Silver
2028,Women's 100m Breaststroke,Satomi Suzuki,Japan,Bronze
2028,Women's 100m Butterfly,McKEON Emma,Australia,Gold
2028,Women's 100m Butterfly,Torri Huske,United States,Silver
2028,Women's 100m Butterfly,Yufei Zhang,China,Bronze
2028,Women's 100m Freestyle,Mollie O'callaghan,Australia,Gold
2028,Women's 100m Freestyle,Torri Huske,United States,Silver
2028,Women's 100m Freestyle,Gretchen Walsh,United States,Bronze
2028,Women's 100m Hurdles,Masai Russell,United States,Gold
2028,Women's 100m Hurdles,Jasmine Camacho-quinn,Puerto Rico,Silver
2028,Women's 100m Hurdles,Cyrena Samba-mayela,France,Bronze
2028,Women's 10km,van Sharon,Netherlands,Gold
2028,Women's 10km,Marcela Cunha,Brazil,Silver
2028,Women's 10km,Xin Xin,China,Bronze
2028,Women's 10m Platform,Yuxi Chen,China,Gold
2028,Women's 10m Platform,Hongchan Quan,China,Silver
2028,Women's 10m Platform,Melissa Wu,Australia,Bronze
2028,Women's 1500m,Faith Kipyegon,Kenya,Gold
2028,Women's 1500m,Laura Muir,Great Britain,Silver
2028,Women's 1500m,Jessica Hull,Australia,Bronze
2028,Women's 1500m Freestyle,Katie Ledecky,United States,Gold
2028,Women's 1500m Freestyle,Bingjie Li,China,Silver
2028,Women's 1500m Freestyle,Lani Pallister,Australia,Bronze
2028,Women's 200m,Gabrielle Thomas,United States,Gold
2028,Women's 200m,Shericka Jackson,Jamaica,Silver
2028,Women's 200m,Daryll Neita,Great Britain,Bronze
2028,Women's 200m Backstroke,McKEOWN Kaylee,Australia,Gold
2028,Women's 200m Backstroke,Regan Smith,United States,Silver
2028,Women's 200m Backstroke,Kylie Masse,Canada,Bronze
2028,Women's 200m Breaststroke,Lilly King,United States,Gold
2028,Women's 200m Breaststroke,Kate Douglass,United States,Silver
2028,Women's 200m Breaststroke,Satomi Suzuki,Japan,Bronze
2028,Women's 200m Butterfly,Regan Smith,United States,Gold
2028,Women's 200m Butterfly,Yufei Zhang,China,Silver
2028,Women's 200m Butterfly,McINTOSH Summer,Canada,Bronze
2028,Women's 200m Freestyle,Ariarne Titmus,Australia,Gold
2028,Women's 200m Freestyle,Mollie O'callaghan,Australia,Silver
2028,Women's 200m Freestyle,Junxuan Yang,China,Bronze
2028,Women's 200m Individual Medley,McKEOWN Kaylee,Australia,Gold
2028,Women's 200m Individual Medley,Kate Douglass,United States,Silver
2028,Women's 200m Individual Medley,McINTOSH Summer,Canada,Bronze
2028,Women's 20km Race Walk,Maria Perez,Spain,Gold
2028,Women's 20km Race Walk,Antonella Palmisano,Italy,Silver
2028,Women's 20km Race Walk,Jiayu Yang,China,Bronze
2028,Women's 3000m Steeplechase,Peruth Chemutai,Uganda,Gold
2028,Women's 3000m Steeplechase,Winfred Yavi,Bahrain,Silver
2028,Women's 3000m Steeplechase,Valerie Constien,United States,Bronze
2028,Women's 3m Springboard,Yiwen Chen,China,Gold
2028,Women's 3m Springboard,Yani Chang,China,Silver
2028,Women's 3m Springboard,Maddison Keeney,Australia,Bronze
2028,Women's 4 x 100m Freestyle Relay,Simone Manuel,United States,Gold
2028,Women's 4 x 100m Freestyle Relay,McKEON Emma,Australia,Silver
2028,Women's 4 x 100m Freestyle Relay,Mollie O'callaghan,Australia,Bronze
2028,Women's 4 x 100m Medley Relay,McKEON Emma,Australia,Gold
2028,Women's 4 x 100m Medley Relay,McKEOWN Kaylee,Australia,Silver
2028,Women's 4 x 100m Medley Relay,Mollie O'callaghan,Australia,Bronze
2028,Women's 4 x 100m Relay,Gabrielle Thomas,United States,Gold
2028,Women's 4 x 100m Relay,Shericka Jackson,Jamaica,Silver
2028,Women's 4 x 100m Relay,Aleia Hobbs,United States,Bronze
2028,Women's 4 x 200m Freestyle Relay,Ariarne Titmus,Australia,Gold
2028,Women's 4 x 200m Freestyle Relay,Mollie O'callaghan,Australia,Silver
2028,Women's 4 x 200m Freestyle Relay,Simone Manuel,United States,Bronze
2028,Women's 4 x 400m Relay,Gabrielle Thomas,United States,Gold
2028,Women's 4 x 400m Relay,Kendall Ellis,United States,Silver
2028,Women's 4 x 400m Relay,Quanera Hayes,United States,Bronze
2028,Women's 400m,Kendall Ellis,United States,Gold
2028,Women's 400m,Natalia Kaczmarek,Poland,Silver
2028,Women's 400m,Alexis Holmes,United States,Bronze
2028,Women's 400m Freestyle,Ariarne Titmus,Australia,Gold
2028,Women's 400m Freestyle,McINTOSH Summer,Canada,Silver
2028,Women's 400m Freestyle,Katie Ledecky,United States,Bronze
2028,Women's 400m Hurdles,McLAUGHLIN-LEVRONE Sydney,United States,Gold
2028,Women's 400m Hurdles,Femke Bol,Netherlands,Silver
2028,Women's 400m Hurdles,Cathelijn Peeters,Netherlands,Bronze
2028,Women's 400m Individual Medley,McINTOSH Summer,Canada,Gold
2028,Women's 400m Individual Medley,Emma Weyant,United States,Silver
2028,Women's 400m Individual Medley,Katie Grimes,United States,Bronze
2028,Women's 49kg,Zhihui Hou,China,Gold
2028,Women's 49kg,Jourdan Delacruz,United States,Silver
2028,Women's 49kg,Rira Suzuki,Japan,Bronze
2028,Women's 5000m,Sifan Hassan,Netherlands,Gold
2028,Women's 5000m,Faith Kipyegon,Kenya,Silver
2028,Women's 5000m,Beatrice Chebet,Kenya,Bronze
2028,Women's 50kg,Yu Wu,China,Gold
2028,Women's 50kg,Naz Cakiroglu,Turkey,Silver
2028,Women's 50kg,Jennifer Lozano,United States,Bronze
2028,Women's 50m Freestyle,Simone Manuel,United States,Gold
2028,Women's 50m Freestyle,Yufei Zhang,China,Silver
2028,Women's 50m Freestyle,Meg Harris,Australia,Bronze
2028,Women's 54kg,Yuan Chang,China,Gold
2028,Women's 54kg,Hatice Akbas,Turkey,Silver
2028,Women's 54kg,Tiana Echegaray,Australia,Bronze
2028,Women's 57kg,Ting Lin,Chinese Taipei,Gold
2028,Women's 57kg,Nesthy Petecio,Philippines,Silver
2028,Women's 57kg,Julia Szeremeta,Poland,Bronze
2028,Women's 59kg,Shifang Luo,China,Gold
2028,Women's 59kg,Hsing-chun Kuo,Chinese Taipei,Silver
2028,Women's 59kg,Maude Charron,Canada,Bronze
2028,Women's 60kg,Estelle Mossely,France,Gold
2028,Women's 60kg,Wenlu Yang,China,Silver
2028,Women's 60kg,Kellie Harrington,Ireland,Bronze
2028,Women's 66kg,Liu Yang,China,Gold
2028,Women's 66kg,McCANE Morelle,United States,Silver
2028,Women's 66kg,Marissa Williamson,Australia,Bronze
2028,Women's 71kg,Olivia Reeves,United States,Gold
2028,Women's 71kg,Leivis Sanchez,Colombia,Silver
2028,Women's 71kg,Jacqueline Nichele,Australia,Bronze
2028,Women's 75kg,Qian Li,China,Gold
2028,Women's 75kg,Caitlin Parker,Australia,Silver
2028,Women's 75kg,Amanda Thibeault,Canada,Bronze
2028,Women's 800m,Keely Hodgkinson,Great Britain,Gold
2028,Women's 800m,Tsige Duguma,Ethiopia,Silver
2028,Women's 800m,Nia Akins,United States,Bronze
2028,Women's 800m Freestyle,Ariarne Titmus,Australia,Gold
2028,Women's 800m Freestyle,Katie Ledecky,United States,Silver
2028,Women's 800m Freestyle,Paige Madden,United States,Bronze
2028,Women's 81kg,Patricia Dajomes,Ecuador,Gold
2028,Women's 81kg,Eileen Cikamatana,Australia,Silver
2028,Women's 81kg,Amena Koanda,Norway,Bronze
2028,Women's All-Around,Simone Biles,United States,Gold
2028,Women's All-Around,Rebeca Andrade,Brazil,Silver
2028,Women's All-Around,Sunisa Lee,United States,Bronze
2028,Women's Balance Beam,Simone Biles,United States,Gold
2028,Women's Balance Beam,Rebeca Andrade,Brazil,Silver
2028,Women's Balance Beam,Sunisa Lee,United States,Bronze
2028,Women's Boulder & Lead,Janja Garnbret,Slovenia,Gold
2028,Women's Boulder & Lead,Brooke Raboutou,United States,Silver
2028,Women's Boulder & Lead,Miho Nonaka,Japan,Bronze
2028,Women's Canoe Double 500m,Shixiao Xu,China,Gold
2028,Women's Canoe Double 500m,Mengya Sun,China,Silver
2028,Women's Canoe Double 500m,Katie Vincent,Canada,Bronze
2028,Women's Canoe Single,Jessica Fox,Australia,Gold
2028,Women's Canoe Single,Evy Leibfarth,United States,Silver
2028,Women's Canoe Single,Elena Lilik,Germany,Bronze
2028,Women's Canoe Single 200m,Nevin Harrison,United States,Gold
2028,Women's Canoe Single 200m,Katie Vincent,Canada,Silver
2028,Women's Canoe Single 200m,Liudmyla Luzan,Ukraine,Bronze
2028,Women's Cross-country,Pauline Ferrand,France,Gold
2028,Women's Cross-country,Jenny Rissveds,Sweden,Silver
2028,Women's Cross-country,Haley Batten,United States,Bronze
2028,Women's Dinghy,Marit Bouwmeester,Netherlands,Gold
2028,Women's Dinghy,Anne-marie Rindom,Denmark,Silver
2028,Women's Dinghy,Erika Reineke,United States,Bronze
2028,Women's Discus Throw,Valarie Allman,United States,Gold
2028,Women's Discus Throw,Kristin Pudenz,Germany,Silver
2028,Women's Discus Throw,Bin Feng,China,Bronze
2028,Women's Double Sculls,Ancuta Bodnar,Romania,Gold
2028,Women's Double Sculls,Simona Radis,Romania,Silver
2028,Women's Double Sculls,Lucy Spoors,New Zealand,Bronze
2028,Women's Doubles,Chen Chen,China,Gold
2028,Women's Doubles,Fan Jia,China,Silver
2028,Women's Doubles,Katerina Siniakova,Czech Republic,Bronze
2028,Women's Eight,Meghan Musnicki,United States,Gold
2028,Women's Eight,Simona Radis,Romania,Silver
2028,Women's Eight,Ancuta Bodnar,Romania,Bronze
2028,Women's Floor Exercise,Simone Biles,United States,Gold
2028,Women's Floor Exercise,Rebeca Andrade,Brazil,Silver
2028,Women's Floor Exercise,Sunisa Lee,United States,Bronze
2028,Women's Foil Individual,Lee Kiefer,United States,Gold
2028,Women's Foil Individual,Arianna Errigo,Italy,Silver
2028,Women's Foil Individual,Lauren Scruggs,United States,Bronze
2028,Women's Foil Team,Lee Kiefer,United States,Gold
2028,Women's Foil Team,Arianna Errigo,Italy,Silver
2028,Women's Foil Team,Lauren Scruggs,United States,Bronze
2028,Women's Four,Helen Glover,Great Britain,Gold
2028,Women's Four,Amalia Beres,Romania,Silver
2028,Women's Four,Magdalena Rusu,Romania,Bronze
2028,Women's Freestyle 50kg,Ann Hildebrandt,United States,Gold
2028,Women's Freestyle 50kg,Yui Susaki,Japan,Silver
2028,Women's Freestyle 50kg,Mariya Stadnik,Azerbaijan,Bronze
2028,Women's Freestyle 53kg,Qianyu Pang,China,Gold
2028,Women's Freestyle 53kg,Akari Fujinami,Japan,Silver
2028,Women's Freestyle 53kg,Olivia Parrish,United States,Bronze
2028,Women's Freestyle 57kg,Tsugumi Sakurai,Japan,Gold
2028,Women's Freestyle 57kg,Anastasia Nichita,Moldova,Silver
2028,Women's Freestyle 57kg,Louise Maroulis,United States,Bronze
2028,Women's Freestyle 62kg,Sakura Motoki,Japan,Gold
2028,Women's Freestyle 62kg,Iryna Koliadenko,Ukraine,Silver
2028,Women's Freestyle 62kg,Aisuluu Tynybekova,Kyrgyzstan,Bronze
2028,Women's Freestyle 68kg,Amit Elor,United States,Gold
2028,Women's Freestyle 68kg,Blessing Oborududu,Nigeria,Silver
2028,Women's Freestyle 68kg,Meerim Zhumanazarova,Kyrgyzstan,Bronze
2028,Women's Freestyle 76kg,Yuka Kagami,Japan,Gold
2028,Women's Freestyle 76kg,Alexis Blades,United States,Silver
2028,Women's Freestyle 76kg,Yasemin Adar,Turkey,Bronze
2028,Women's Hammer Throw,Camryn Rogers,Canada,Gold
2028,Women's Hammer Throw,Anita Wlodarczyk,Poland,Silver
2028,Women's Hammer Throw,Zheng Wang,China,Bronze
2028,Women's Heptathlon,Nafissatou Thiam,Belgium,Gold
2028,Women's Heptathlon,Katarina Johnson-thompson,Great Britain,Silver
2028,Women's Heptathlon,Taliyah Brooks,United States,Bronze
2028,Women's High Jump,Yaroslava Mahuchikh,Ukraine,Gold
2028,Women's High Jump,Nicola Olyslagers,Australia,Silver
2028,Women's High Jump,Mirela Demireva,Bulgaria,Bronze
2028,Women's Individual,Sihyeon Lim,South Korea,Gold
2028,Women's Individual,Georgia Taylor-brown,Great Britain,Silver
2028,Women's Individual,Suhyeon Nam,South Korea,Bronze
2028,Women's Individual Stroke Play,Nelly Korda,United States,Gold
2028,Women's Individual Stroke Play,Lydia Ko,New Zealand,Silver
2028,Women's Individual Stroke Play,Esther Henseleit,Germany,Bronze
2028,Women's Individual Time Trial,Mieke Kroeger,Germany,Gold
2028,Women's Individual Time Trial,Grace Brown,Australia,Silver
2028,Women's Individual Time Trial,Taylor Knibb,United States,Bronze
2028,Women's Javelin Throw,Haruka Kitaguchi,Japan,Gold
2028,Women's Javelin Throw,Sara Kolak,Croatia,Silver
2028,Women's Javelin Throw,Maria Andrejczyk,Poland,Bronze
2028,Women's Kayak Cross,Jessica Fox,Australia,Gold
2028,Women's Kayak Cross,Ricarda Funk,Germany,Silver
2028,Women's Kayak Cross,Noemie Fox,Australia,Bronze
2028,Women's Kayak Double 500m,Lisa Carrington,New Zealand,Gold
2028,Women's Kayak Double 500m,Tamara Csipes,Hungary,Silver
2028,Women's Kayak Double 500m,Paulina Paszek,Germany,Bronze
2028,Women's Kayak Four 500m,Lisa Carrington,New Zealand,Gold
2028,Women's Kayak Four 500m,Tamara Csipes,Hungary,Silver
2028,Women's Kayak Four 500m,Teresa Portela,Spain,Bronze
2028,Women's Kayak Single,Jessica Fox,Australia,Gold
2028,Women's Kayak Single,Ricarda Funk,Germany,Silver
2028,Women's Kayak Single,Evy Leibfarth,United States,Bronze
2028,Women's Kayak Single 500m,Lisa Carrington,New Zealand,Gold
2028,Women's Kayak Single 500m,Tamara Csipes,Hungary,Silver
2028,Women's Kayak Single 500m,Nan Wang,China,Bronze
2028,Women's Keirin,Ellesse Andrews,New Zealand,Gold
2028,Women's Keirin,Matthew Richardson,Australia,Silver
2028,Women's Keirin,Katy Marchant,Great Britain,Bronze
2028,Women's Long Jump,Malaika Mihambo,Germany,Gold
2028,Women's Long Jump,Tara Davis-woodhall,United States,Silver
2028,Women's Long Jump,Jasmine Moore,United States,Bronze
2028,Women's Madison,Jennifer Valente,United States,Gold
2028,Women's Madison,Elinor Barker,Great Britain,Silver
2028,Women's Madison,Lily Williams,United States,Bronze
2028,Women's Marathon,Sifan Hassan,Netherlands,Gold
2028,Women's Marathon,Hellen Obiri,Kenya,Silver
2028,Women's Marathon,Malindi Elmore,Canada,Bronze
2028,Women's Omnium,Jennifer Valente,United States,Gold
2028,Women's Omnium,Elinor Barker,Great Britain,Silver
2028,Women's Omnium,Lily Williams,United States,Bronze
2028,Women's Pair,McINTYRE Annabelle,Australia,Gold
2028,Women's Pair,Veronique Meester,Netherlands,Silver
2028,Women's Pair,Ymkje Clevering,Netherlands,Bronze
2028,Women's Park,Sakura Yosozumi,Japan,Gold
2028,Women's Park,Yawen Deng,China,Silver
2028,Women's Park,Arisa Trew,Australia,Bronze
2028,Women's Pole Vault,Nina Kennedy,Australia,Gold
2028,Women's Pole Vault,Aikaterini Stefanidi,Greece,Silver
2028,Women's Pole Vault,Katie Moon,United States,Bronze
2028,Women's Quadruple Sculls,Ling Zhang,China,Gold
2028,Women's Quadruple Sculls,Yang Lyu,China,Silver
2028,Women's Quadruple Sculls,Xiaotong Cui,China,Bronze
2028,Women's Road Race,Marianne Vos,Netherlands,Gold
2028,Women's Road Race,Grace Brown,Australia,Silver
2028,Women's Road Race,Anna Kiesenhofer,Austria,Bronze
2028,Women's Sabre Individual,Sara Balzer,France,Gold
2028,Women's Sabre Individual,Alina Komashchuk,Ukraine,Silver
2028,Women's Sabre Individual,Olena Kravatska,Ukraine,Bronze
2028,Women's Sabre Team,Alina Komashchuk,Ukraine,Gold
2028,Women's Sabre Team,Olena Kravatska,Ukraine,Silver
2028,Women's Sabre Team,Sara Balzer,France,Bronze
2028,Women's Shot Put,Lijiao Gong,China,Gold
2028,Women's Shot Put,Yemisi Ogunleye,Germany,Silver
2028,Women's Shot Put,Raven Saunders,United States,Bronze
2028,Women's Single Sculls,Emma Twigg,New Zealand,Gold
2028,Women's Single Sculls,Karolien Florijn,Netherlands,Silver
2028,Women's Single Sculls,Kara Kohler,United States,Bronze
2028,Women's Singles,Yingsha Sun,China,Gold
2028,Women's Singles,Meng Chen,China,Silver
2028,Women's Singles,Katerina Siniakova,Czech Republic,Bronze
2028,Women's Skiff,Charline Picon,France,Gold
2028,Women's Skiff,Kahena Kunze,Brazil,Silver
2028,Women's Skiff,Jo Aleh,New Zealand,Bronze
2028,Women's Speed,Aleksandra Miroslaw,Poland,Gold
2028,Women's Speed,Lijuan Deng,China,Silver
2028,Women's Speed,Emma Hunt,United States,Bronze
2028,Women's Sprint,Ellesse Andrews,New Zealand,Gold
2028,Women's Sprint,Emma Finucane,Great Britain,Silver
2028,Women's Sprint,Katy Marchant,Great Britain,Bronze
2028,Women's Street,Coco Yoshizawa,Japan,Gold
2028,Women's Street,Rayssa Leal,Brazil,Silver
2028,Women's Street,Liz Akama,Japan,Bronze
2028,Women's Synchronised 10m Platform,Yuxi Chen,China,Gold
2028,Women's Synchronised 10m Platform,Hongchan Quan,China,Silver
2028,Women's Synchronised 10m Platform,Jessica Parratto,United States,Bronze
2028,Women's Synchronised 3m Springboard,Yiwen Chen,China,Gold
2028,Women's Synchronised 3m Springboard,Maddison Keeney,Australia,Silver
2028,Women's Synchronised 3m Springboard,Yani Chang,China,Bronze
2028,Women's Team,Simone Biles,United States,Gold
2028,Women's Team,Yingsha Sun,China,Silver
2028,Women's Team,Rebeca Andrade,Brazil,Bronze
2028,Women's Team Pursuit,Jennifer Valente,United States,Gold
2028,Women's Team Pursuit,Elinor Barker,Great Britain,Silver
2028,Women's Team Pursuit,Lily Williams,United States,Bronze
2028,Women's Team Sprint,Ellesse Andrews,New Zealand,Gold
2028,Women's Team Sprint,Katy Marchant,Great Britain,Silver
2028,Women's Team Sprint,Emma Finucane,Great Britain,Bronze
2028,Women's Triple Jump,Thea Lafond,Dominica,Gold
2028,Women's Triple Jump,Jasmine Moore,United States,Silver
2028,Women's Triple Jump,Shanieka Ricketts,Jamaica,Bronze
2028,Women's Uneven Bars,Simone Biles,United States,Gold
2028,Women's Uneven Bars,Rebeca Andrade,Brazil,Silver
2028,Women's Uneven Bars,Sunisa Lee,United States,Bronze
2028,Women's Vault,Simone Biles,United States,Gold
2028,Women's Vault,Rebeca Andrade,Brazil,Silver
2028,Women's Vault,Sunisa Lee,United States,Bronze
2028,Women's Windsurfing,Marta Maggetti,Italy,Gold
2028,Women's Windsurfing,Emma Wilson,Great Britain,Silver
2028,Women's Windsurfing,Sharon Kantor,Israel,Bronze
2028,Women's Épée Individual,Rossella Fiamingo,Italy,Gold
2028,Women's Épée Individual,Alberta Santuccio,Italy,Silver
2028,Women's Épée Individual,Yiwen Sun,China,Bronze
2028,Women's Épée Team,Rossella Fiamingo,Italy,Gold
2028,Women's Épée Team,Mara Navarria,Italy,Silver
2028,Women's Épée Team,Alberta Santuccio,Italy,Bronze
